id,y
2.0,0
3.0,0
5.0,0
6.0,2
7.0,2
8.0,1
10.0,1
13.0,1
14.0,1
17.0,2
18.0,1
19.0,1
21.0,0
22.0,2
23.0,1
24.0,0
25.0,0
26.0,2
27.0,0
28.0,1
29.0,2
30.0,1
32.0,2
33.0,1
34.0,1
38.0,0
39.0,0
40.0,1
41.0,1
42.0,1
43.0,1
46.0,0
47.0,1
48.0,0
49.0,2
50.0,1
51.0,0
52.0,0
57.0,0
59.0,1
61.0,1
62.0,2
63.0,0
64.0,1
65.0,1
67.0,1
68.0,2
70.0,0
71.0,1
72.0,1
74.0,0
76.0,0
78.0,1
80.0,2
81.0,0
84.0,1
88.0,2
91.0,1
94.0,0
97.0,1
98.0,1
100.0,1
109.0,2
110.0,2
111.0,1
114.0,0
117.0,2
119.0,2
121.0,1
127.0,1
128.0,1
130.0,2
132.0,0
133.0,1
134.0,0
136.0,1
137.0,1
138.0,1
139.0,0
140.0,1
141.0,1
142.0,1
143.0,1
144.0,1
145.0,2
146.0,1
147.0,2
148.0,1
149.0,1
151.0,2
152.0,2
154.0,2
156.0,1
157.0,1
159.0,2
163.0,1
165.0,2
166.0,1
168.0,2
173.0,1
174.0,0
176.0,2
177.0,2
178.0,1
181.0,1
183.0,1
184.0,0
185.0,2
190.0,1
191.0,1
192.0,0
194.0,1
202.0,2
203.0,1
205.0,1
207.0,1
208.0,1
212.0,2
214.0,1
217.0,2
218.0,1
219.0,1
222.0,1
225.0,2
226.0,0
227.0,0
231.0,0
232.0,0
233.0,1
234.0,1
236.0,1
237.0,1
238.0,1
239.0,2
240.0,1
244.0,2
251.0,1
253.0,1
257.0,2
258.0,1
259.0,2
261.0,1
262.0,0
263.0,1
265.0,0
267.0,1
268.0,2
270.0,1
271.0,1
272.0,1
274.0,0
278.0,1
279.0,1
280.0,1
281.0,1
282.0,2
286.0,1
287.0,1
289.0,0
291.0,1
292.0,0
293.0,2
294.0,1
298.0,1
300.0,2
301.0,1
302.0,2
303.0,1
304.0,2
305.0,0
306.0,1
307.0,1
311.0,2
312.0,1
314.0,1
315.0,1
316.0,0
317.0,1
318.0,1
319.0,0
320.0,0
323.0,0
324.0,0
325.0,0
328.0,1
329.0,2
331.0,0
333.0,1
335.0,1
337.0,0
338.0,2
339.0,2
343.0,1
349.0,1
350.0,2
351.0,2
354.0,1
355.0,0
356.0,1
357.0,1
358.0,1
359.0,1
360.0,2
362.0,1
363.0,2
364.0,0
366.0,0
368.0,1
369.0,2
372.0,1
375.0,1
377.0,1
378.0,2
379.0,1
380.0,2
383.0,2
386.0,1
387.0,1
388.0,2
392.0,1
393.0,2
395.0,1
396.0,0
397.0,0
399.0,2
401.0,2
402.0,1
406.0,1
410.0,1
411.0,2
413.0,1
415.0,0
416.0,0
418.0,1
422.0,2
424.0,0
426.0,1
429.0,1
431.0,1
432.0,2
434.0,1
435.0,0
437.0,2
438.0,1
439.0,1
440.0,0
443.0,2
445.0,0
446.0,2
447.0,1
451.0,0
454.0,1
455.0,2
456.0,0
457.0,0
459.0,2
461.0,1
462.0,1
463.0,1
464.0,1
466.0,1
467.0,2
469.0,2
470.0,1
473.0,2
476.0,2
481.0,1
482.0,1
485.0,1
486.0,0
488.0,0
489.0,1
492.0,2
496.0,1
498.0,0
499.0,2
501.0,1
503.0,1
504.0,1
505.0,1
506.0,1
510.0,1
511.0,1
512.0,1
513.0,1
514.0,2
515.0,0
516.0,1
518.0,1
520.0,2
523.0,2
524.0,1
525.0,1
527.0,0
528.0,1
529.0,1
530.0,1
532.0,1
534.0,1
536.0,1
541.0,1
542.0,1
548.0,2
551.0,1
552.0,1
553.0,2
556.0,1
557.0,0
558.0,2
562.0,0
563.0,2
566.0,2
570.0,0
573.0,2
574.0,2
576.0,2
577.0,2
579.0,0
581.0,2
582.0,2
584.0,1
585.0,1
587.0,0
588.0,0
589.0,1
590.0,1
595.0,1
597.0,0
600.0,1
602.0,1
604.0,1
605.0,2
606.0,2
607.0,2
608.0,2
609.0,2
610.0,2
611.0,2
612.0,1
613.0,1
614.0,2
618.0,1
619.0,0
621.0,1
622.0,2
625.0,0
626.0,0
627.0,1
628.0,2
631.0,1
633.0,0
634.0,2
635.0,0
638.0,1
639.0,0
642.0,2
643.0,1
644.0,1
647.0,0
651.0,1
653.0,1
656.0,1
657.0,1
659.0,1
660.0,0
662.0,0
665.0,0
667.0,1
668.0,2
669.0,1
670.0,1
672.0,1
677.0,1
679.0,1
680.0,1
682.0,2
685.0,2
689.0,0
690.0,0
691.0,1
693.0,1
694.0,0
697.0,1
698.0,1
701.0,1
702.0,2
703.0,1
704.0,1
705.0,1
707.0,1
708.0,2
709.0,2
713.0,2
714.0,1
717.0,2
719.0,2
720.0,0
721.0,2
725.0,2
726.0,0
727.0,1
728.0,1
729.0,0
731.0,1
733.0,0
735.0,1
736.0,2
737.0,2
738.0,1
739.0,0
740.0,1
743.0,1
744.0,1
745.0,2
749.0,1
754.0,0
755.0,1
758.0,2
759.0,1
760.0,2
761.0,1
763.0,0
765.0,1
772.0,0
774.0,1
776.0,2
777.0,1
779.0,1
780.0,1
783.0,1
784.0,2
785.0,1
786.0,1
787.0,1
790.0,2
792.0,1
793.0,1
794.0,1
795.0,2
796.0,1
797.0,2
798.0,0
800.0,2
801.0,1
803.0,1
804.0,2
805.0,1
807.0,0
809.0,2
811.0,1
820.0,1
821.0,2
823.0,1
826.0,1
827.0,0
830.0,1
832.0,2
834.0,2
836.0,1
837.0,1
838.0,0
839.0,1
843.0,1
845.0,2
846.0,1
849.0,1
850.0,1
851.0,1
852.0,2
853.0,1
855.0,0
856.0,1
857.0,1
859.0,2
861.0,1
863.0,2
864.0,1
867.0,2
869.0,1
870.0,0
872.0,0
873.0,1
874.0,1
875.0,1
877.0,1
879.0,2
882.0,0
884.0,1
885.0,2
886.0,0
887.0,1
891.0,0
905.0,1
907.0,2
908.0,0
909.0,1
910.0,1
912.0,1
913.0,1
914.0,1
915.0,0
919.0,2
920.0,0
921.0,2
922.0,1
923.0,1
925.0,2
928.0,0
929.0,1
931.0,1
932.0,1
934.0,1
936.0,1
937.0,1
938.0,1
939.0,1
940.0,1
941.0,1
945.0,0
951.0,0
954.0,0
956.0,0
960.0,1
961.0,1
962.0,1
963.0,1
964.0,1
966.0,2
967.0,2
968.0,1
969.0,1
970.0,1
973.0,2
976.0,0
979.0,1
981.0,1
982.0,0
989.0,0
990.0,1
993.0,1
994.0,1
996.0,0
999.0,1
1000.0,0
1001.0,1
1004.0,1
1005.0,1
1008.0,2
1009.0,2
1010.0,1
1014.0,0
1015.0,0
1017.0,2
1018.0,0
1019.0,1
1020.0,1
1021.0,1
1023.0,1
1025.0,0
1026.0,2
1027.0,2
1029.0,1
1031.0,0
1033.0,1
1034.0,0
1036.0,1
1041.0,2
1043.0,2
1044.0,1
1046.0,1
1047.0,2
1048.0,1
1049.0,1
1050.0,1
1053.0,1
1054.0,2
1056.0,2
1057.0,1
1059.0,2
1061.0,0
1062.0,2
1063.0,2
1066.0,1
1067.0,1
1068.0,1
1069.0,1
1070.0,1
1075.0,0
1078.0,1
1079.0,1
1080.0,1
1081.0,1
1082.0,2
1083.0,1
1084.0,0
1089.0,1
1090.0,1
1092.0,1
1093.0,0
1094.0,0
1095.0,1
1100.0,0
1101.0,1
1103.0,1
1104.0,1
1105.0,1
1107.0,1
1110.0,1
1112.0,0
1113.0,1
1114.0,1
1117.0,1
1119.0,1
1120.0,0
1121.0,1
1122.0,1
1123.0,0
1126.0,0
1133.0,2
1134.0,2
1138.0,0
1144.0,1
1145.0,1
1147.0,1
1151.0,1
1152.0,2
1154.0,1
1156.0,2
1157.0,0
1159.0,1
1160.0,1
1162.0,2
1164.0,2
1165.0,1
1166.0,1
1167.0,0
1168.0,0
1172.0,2
1176.0,1
1178.0,1
1179.0,0
1180.0,1
1182.0,2
1184.0,0
1185.0,2
1186.0,1
1189.0,2
1191.0,1
1192.0,0
1194.0,0
1195.0,1
1199.0,0
1201.0,2
1202.0,0
1205.0,1
1206.0,1
1210.0,0
1212.0,1
1214.0,2
1216.0,2
1218.0,2
1219.0,0
1221.0,0
1222.0,2
1224.0,0
1227.0,2
1230.0,2
1231.0,1
1232.0,1
1234.0,1
1235.0,0
1236.0,2
1237.0,1
1240.0,2
1241.0,2
1242.0,1
1243.0,2
1244.0,0
1245.0,0
1246.0,1
1248.0,2
1252.0,2
1253.0,2
1255.0,1
1256.0,2
1257.0,0
1259.0,1
1261.0,1
1262.0,0
1263.0,2
1266.0,1
1268.0,2
1270.0,1
1273.0,1
1274.0,1
1275.0,2
1276.0,1
1281.0,1
1283.0,1
1284.0,2
1286.0,1
1290.0,1
1291.0,1
1294.0,2
1296.0,2
1297.0,0
1301.0,1
1302.0,2
1303.0,1
1304.0,1
1306.0,1
1307.0,1
1311.0,1
1313.0,2
1314.0,2
1319.0,0
1320.0,2
1322.0,2
1324.0,0
1325.0,0
1326.0,0
1333.0,1
1335.0,1
1338.0,1
1340.0,0
1343.0,2
1344.0,1
1345.0,1
1346.0,2
1347.0,2
1349.0,1
1352.0,1
1353.0,1
1354.0,1
1355.0,1
1356.0,1
1357.0,2
1358.0,1
1360.0,1
1361.0,2
1362.0,2
1369.0,2
1370.0,0
1372.0,2
1373.0,1
1375.0,0
1376.0,2
1377.0,1
1378.0,1
1380.0,1
1382.0,0
1383.0,0
1385.0,1
1386.0,1
1387.0,1
1390.0,1
1394.0,1
1395.0,1
1396.0,1
1397.0,2
1399.0,1
1400.0,1
1401.0,1
1402.0,1
1405.0,0
1408.0,0
1412.0,1
1413.0,2
1414.0,1
1416.0,0
1417.0,1
1421.0,1
1422.0,2
1423.0,2
1424.0,2
1427.0,2
1429.0,2
1430.0,1
1433.0,0
1434.0,1
1435.0,1
1437.0,2
1439.0,1
1442.0,2
1443.0,1
1445.0,1
1446.0,2
1447.0,1
1448.0,2
1449.0,1
1450.0,0
1452.0,1
1453.0,1
1454.0,1
1459.0,0
1460.0,2
1461.0,1
1462.0,2
1463.0,1
1464.0,1
1467.0,0
1468.0,1
1469.0,1
1470.0,2
1471.0,2
1474.0,0
1475.0,1
1477.0,2
1478.0,2
1479.0,1
1483.0,0
1486.0,1
1487.0,1
1488.0,1
1491.0,1
1492.0,1
1493.0,1
1494.0,1
1496.0,2
1497.0,2
1498.0,0
1499.0,0
1500.0,1
1501.0,2
1502.0,2
1503.0,0
1505.0,1
1506.0,2
1507.0,1
1509.0,0
1512.0,1
1513.0,2
1520.0,1
1528.0,0
1529.0,1
1530.0,1
1532.0,2
1533.0,0
1535.0,0
1536.0,1
1538.0,1
1539.0,2
1540.0,1
1541.0,1
1542.0,1
1543.0,2
1545.0,2
1546.0,1
1547.0,0
1548.0,0
1550.0,2
1551.0,1
1554.0,1
1558.0,0
1561.0,2
1562.0,0
1567.0,1
1568.0,2
1577.0,1
1578.0,1
1579.0,0
1580.0,0
1582.0,1
1584.0,1
1585.0,1
1588.0,2
1590.0,0
1591.0,0
1592.0,2
1593.0,2
1594.0,1
1595.0,1
1597.0,2
1599.0,1
1600.0,0
1604.0,2
1605.0,1
1607.0,0
1610.0,2
1611.0,2
1612.0,1
1614.0,1
1616.0,1
1617.0,2
1618.0,0
1619.0,1
1620.0,1
1621.0,2
1622.0,2
1623.0,0
1624.0,1
1626.0,2
1627.0,0
1630.0,1
1631.0,1
1633.0,2
1634.0,0
1635.0,1
1636.0,1
1637.0,1
1638.0,1
1642.0,0
1643.0,0
1644.0,0
1645.0,2
1646.0,1
1647.0,1
1648.0,1
1649.0,2
1650.0,0
1651.0,0
1652.0,2
1653.0,1
1654.0,0
1655.0,1
1656.0,0
1659.0,1
1660.0,1
1661.0,1
1665.0,2
1666.0,2
1668.0,0
1669.0,1
1673.0,0
1675.0,1
1678.0,0
1679.0,2
1681.0,0
1684.0,2
1688.0,1
1690.0,1
1692.0,2
1693.0,2
1694.0,1
1697.0,1
1699.0,1
1701.0,1
1702.0,0
1704.0,2
1707.0,1
1709.0,2
1710.0,1
1711.0,0
1712.0,1
1714.0,2
1715.0,0
1716.0,1
1717.0,1
1722.0,1
1723.0,2
1725.0,0
1726.0,1
1728.0,2
1729.0,1
1732.0,1
1733.0,1
1734.0,0
1735.0,2
1736.0,2
1737.0,1
1741.0,2
1743.0,1
1745.0,1
1746.0,1
1747.0,2
1749.0,1
1750.0,0
1751.0,0
1753.0,2
1756.0,1
1757.0,1
1758.0,2
1760.0,2
1761.0,1
1762.0,2
1763.0,1
1764.0,1
1767.0,1
1772.0,0
1773.0,2
1774.0,0
1775.0,1
1776.0,1
1777.0,1
1778.0,1
1780.0,0
1783.0,0
1784.0,1
1791.0,1
1792.0,1
1793.0,2
1796.0,0
1798.0,1
1799.0,2
1803.0,2
1805.0,1
1806.0,1
1807.0,2
1809.0,2
1810.0,1
1811.0,1
1813.0,1
1814.0,2
1816.0,2
1820.0,2
1821.0,1
1822.0,1
1824.0,0
1825.0,0
1826.0,2
1827.0,1
1828.0,0
1830.0,0
1831.0,1
1833.0,1
1834.0,0
1836.0,2
1839.0,1
1842.0,1
1845.0,1
1847.0,0
1848.0,1
1850.0,0
1851.0,2
1854.0,0
1857.0,1
1859.0,0
1860.0,1
1863.0,1
1864.0,0
1865.0,2
1866.0,1
1867.0,1
1868.0,1
1872.0,0
1873.0,1
1874.0,0
1876.0,1
1879.0,2
1880.0,2
1882.0,0
1883.0,2
1884.0,1
1885.0,1
1888.0,0
1891.0,1
1894.0,1
1896.0,0
1898.0,2
1899.0,0
1903.0,0
1905.0,1
1909.0,2
1910.0,1
1915.0,2
1916.0,1
1918.0,2
1920.0,1
1921.0,0
1925.0,2
1926.0,1
1927.0,2
1928.0,1
1929.0,2
1930.0,1
1931.0,1
1933.0,2
1934.0,1
1935.0,0
1936.0,0
1938.0,1
1939.0,0
1940.0,0
1941.0,1
1944.0,2
1947.0,2
1948.0,1
1952.0,0
1953.0,1
1954.0,1
1955.0,0
1962.0,1
1963.0,1
1964.0,2
1965.0,2
1966.0,0
1969.0,0
1974.0,1
1976.0,1
1977.0,1
1978.0,0
1980.0,1
1984.0,2
1986.0,2
1988.0,0
1990.0,1
1992.0,1
1994.0,2
1997.0,2
1998.0,1
1999.0,0
2000.0,1
2001.0,1
2002.0,1
2003.0,1
2005.0,1
2008.0,1
2009.0,2
2011.0,1
2012.0,0
2013.0,2
2015.0,2
2016.0,1
2017.0,0
2018.0,1
2019.0,1
2020.0,1
2022.0,0
2023.0,1
2025.0,2
2026.0,1
2029.0,0
2030.0,1
2031.0,1
2032.0,0
2033.0,0
2034.0,0
2037.0,1
2038.0,1
2039.0,2
2040.0,2
2041.0,1
2042.0,1
2043.0,0
2044.0,2
2045.0,1
2047.0,1
2049.0,0
2050.0,0
2052.0,1
2054.0,1
2055.0,1
2056.0,1
2057.0,2
2058.0,1
2060.0,1
2061.0,0
2063.0,0
2068.0,0
2069.0,1
2070.0,1
2073.0,1
2075.0,2
2076.0,1
2078.0,2
2079.0,1
2081.0,2
2085.0,1
2088.0,2
2089.0,0
2090.0,0
2091.0,2
2093.0,0
2095.0,0
2096.0,0
2097.0,1
2102.0,0
2103.0,2
2104.0,0
2107.0,2
2108.0,1
2113.0,2
2114.0,2
2115.0,1
2117.0,0
2118.0,1
2120.0,0
2121.0,0
2122.0,1
2123.0,0
2124.0,2
2131.0,2
2133.0,1
2134.0,1
2135.0,2
2139.0,1
2140.0,2
2143.0,0
2144.0,1
2146.0,2
2147.0,1
2148.0,1
2149.0,2
2150.0,1
2151.0,1
2153.0,2
2156.0,1
2157.0,2
2158.0,2
2159.0,0
2160.0,2
2161.0,1
2162.0,1
2163.0,0
2164.0,2
2166.0,1
2169.0,1
2173.0,2
2174.0,1
2177.0,1
2179.0,0
2183.0,1
2184.0,2
2185.0,1
2186.0,1
2187.0,2
2192.0,1
2194.0,1
2197.0,2
2199.0,2
2200.0,1
2202.0,1
2203.0,0
2204.0,2
2206.0,1
2209.0,2
2210.0,1
2213.0,2
2214.0,1
2215.0,0
2216.0,1
2221.0,0
2224.0,1
2226.0,1
2227.0,1
2230.0,0
2231.0,0
2233.0,1
2237.0,2
2239.0,0
2241.0,1
2242.0,1
2244.0,1
2247.0,0
2248.0,1
2249.0,1
2250.0,1
2252.0,1
2254.0,1
2255.0,2
2257.0,2
2259.0,1
2260.0,2
2261.0,1
2262.0,1
2263.0,1
2267.0,1
2270.0,2
2272.0,1
2274.0,2
2275.0,0
2276.0,2
2278.0,1
2280.0,1
2282.0,1
2283.0,0
2285.0,2
2286.0,2
2287.0,1
2288.0,2
2289.0,1
2290.0,1
2291.0,1
2292.0,2
2293.0,1
2296.0,1
2297.0,0
2298.0,1
2299.0,2
2300.0,2
2302.0,0
2305.0,0
2306.0,1
2307.0,1
2309.0,1
2311.0,1
2312.0,1
2313.0,1
2317.0,2
2318.0,2
2319.0,1
2320.0,2
2321.0,1
2322.0,2
2323.0,2
2325.0,1
2326.0,0
2328.0,1
2329.0,1
2336.0,1
2339.0,1
2340.0,0
2341.0,0
2345.0,0
2352.0,2
2353.0,2
2354.0,2
2356.0,1
2358.0,1
2361.0,1
2363.0,1
2365.0,2
2366.0,1
2368.0,1
2369.0,1
2372.0,1
2373.0,1
2374.0,2
2376.0,1
2377.0,1
2378.0,1
2379.0,1
2380.0,1
2384.0,1
2385.0,1
2389.0,0
2390.0,1
2393.0,2
2395.0,0
2396.0,0
2398.0,2
2399.0,1
2402.0,2
2403.0,0
2404.0,0
2405.0,0
2407.0,1
2408.0,2
2409.0,1
2410.0,1
2412.0,0
2415.0,1
2418.0,1
2420.0,0
2423.0,1
2424.0,1
2425.0,2
2426.0,1
2429.0,0
2433.0,0
2435.0,1
2436.0,0
2443.0,1
2445.0,2
2446.0,1
2447.0,1
2449.0,2
2450.0,1
2452.0,1
2454.0,0
2455.0,1
2456.0,2
2457.0,0
2458.0,2
2459.0,1
2460.0,2
2463.0,1
2466.0,2
2468.0,2
2469.0,2
2472.0,0
2473.0,2
2477.0,2
2479.0,0
2480.0,2
2481.0,0
2484.0,0
2485.0,1
2486.0,0
2487.0,0
2488.0,2
2490.0,1
2491.0,0
2493.0,2
2495.0,2
2496.0,2
2499.0,1
2500.0,1
2501.0,1
2502.0,1
2503.0,1
2506.0,0
2508.0,2
2511.0,2
2512.0,0
2513.0,2
2514.0,1
2517.0,1
2518.0,0
2519.0,1
2520.0,0
2521.0,0
2522.0,1
2523.0,1
2525.0,2
2526.0,0
2527.0,1
2529.0,1
2530.0,1
2532.0,0
2533.0,0
2534.0,0
2537.0,2
2541.0,0
2544.0,2
2545.0,2
2546.0,1
2548.0,1
2549.0,0
2550.0,2
2554.0,2
2557.0,2
2558.0,0
2559.0,0
2560.0,0
2562.0,0
2563.0,1
2565.0,1
2567.0,2
2568.0,2
2569.0,1
2572.0,1
2576.0,2
2578.0,0
2580.0,2
2581.0,0
2583.0,1
2584.0,1
2585.0,1
2587.0,0
2589.0,1
2591.0,2
2592.0,1
2596.0,2
2599.0,0
2601.0,0
2604.0,2
2607.0,1
2608.0,0
2609.0,1
2610.0,1
2613.0,0
2614.0,2
2617.0,1
2618.0,0
2619.0,1
2620.0,1
2621.0,1
2625.0,1
2626.0,1
2627.0,1
2629.0,0
2630.0,1
2632.0,2
2633.0,1
2635.0,1
2639.0,2
2640.0,0
2642.0,0
2644.0,0
2646.0,0
2647.0,1
2652.0,1
2654.0,2
2655.0,1
2657.0,1
2658.0,2
2659.0,0
2660.0,0
2661.0,0
2662.0,0
2664.0,1
2665.0,1
2666.0,0
2668.0,1
2669.0,2
2671.0,0
2672.0,2
2675.0,1
2676.0,2
2677.0,0
2678.0,2
2679.0,1
2682.0,0
2683.0,2
2685.0,2
2686.0,1
2687.0,1
2688.0,1
2690.0,1
2691.0,1
2692.0,1
2694.0,1
2695.0,2
2696.0,2
2698.0,0
2699.0,1
2701.0,0
2703.0,2
2704.0,1
2705.0,2
2706.0,2
2708.0,1
2709.0,1
2710.0,1
2711.0,1
2715.0,2
2717.0,1
2718.0,0
2720.0,1
2729.0,1
2731.0,2
2734.0,2
2735.0,2
2737.0,1
2738.0,0
2740.0,2
2741.0,2
2742.0,0
2743.0,2
2744.0,0
2745.0,1
2746.0,1
2747.0,1
2751.0,1
2752.0,1
2753.0,1
2754.0,2
2756.0,2
2758.0,2
2759.0,1
2760.0,2
2761.0,0
2763.0,1
2765.0,2
2766.0,1
2768.0,1
2770.0,0
2771.0,2
2772.0,1
2773.0,2
2774.0,1
2776.0,1
2777.0,1
2778.0,1
2780.0,1
2783.0,0
2785.0,1
2789.0,1
2794.0,1
2796.0,0
2797.0,1
2800.0,1
2801.0,1
2802.0,1
2803.0,2
2805.0,1
2806.0,0
2807.0,1
2809.0,1
2810.0,0
2811.0,0
2813.0,0
2814.0,1
2815.0,0
2816.0,1
2817.0,1
2818.0,2
2819.0,2
2823.0,0
2825.0,1
2827.0,1
2829.0,2
2831.0,1
2833.0,2
2835.0,2
2836.0,1
2837.0,0
2841.0,1
2842.0,2
2843.0,1
2844.0,0
2845.0,1
2846.0,2
2847.0,1
2853.0,1
2854.0,1
2858.0,1
2859.0,1
2861.0,2
2862.0,1
2865.0,2
2866.0,2
2867.0,0
2868.0,2
2869.0,2
2870.0,1
2871.0,1
2872.0,0
2873.0,1
2879.0,1
2880.0,2
2881.0,0
2882.0,1
2883.0,1
2886.0,2
2887.0,2
2889.0,2
2892.0,2
2894.0,1
2896.0,1
2898.0,1
2900.0,1
2902.0,1
2904.0,0
2905.0,2
2906.0,1
2908.0,1
2909.0,1
2910.0,1
2913.0,1
2914.0,2
2916.0,2
2917.0,1
2918.0,1
2919.0,0
2920.0,1
2921.0,0
2926.0,1
2927.0,1
2931.0,2
2937.0,2
2938.0,0
2939.0,2
2940.0,1
2941.0,1
2944.0,0
2946.0,1
2949.0,0
2951.0,1
2952.0,1
2954.0,1
2958.0,0
2959.0,1
2960.0,0
2963.0,1
2964.0,1
2966.0,0
2967.0,2
2968.0,1
2969.0,0
2972.0,1
2974.0,1
2978.0,0
2980.0,2
2984.0,0
2985.0,0
2987.0,1
2988.0,1
2989.0,2
2992.0,2
2993.0,0
2995.0,2
2996.0,1
2999.0,1
3002.0,1
3004.0,1
3006.0,2
3007.0,1
3008.0,1
3009.0,1
3010.0,2
3012.0,1
3014.0,2
3017.0,0
3019.0,1
3020.0,2
3022.0,1
3023.0,2
3024.0,1
3025.0,1
3026.0,1
3027.0,1
3028.0,0
3030.0,2
3031.0,1
3032.0,1
3036.0,1
3037.0,2
3038.0,1
3039.0,1
3040.0,2
3041.0,1
3042.0,1
3043.0,1
3044.0,2
3045.0,1
3046.0,2
3047.0,1
3048.0,1
3049.0,2
3050.0,2
3052.0,2
3055.0,0
3057.0,1
3058.0,0
3062.0,1
3065.0,1
3067.0,1
3068.0,1
3069.0,1
3070.0,2
3071.0,2
3072.0,0
3073.0,2
3074.0,0
3076.0,2
3077.0,1
3078.0,1
3079.0,2
3081.0,0
3083.0,1
3084.0,1
3085.0,1
3086.0,1
3087.0,2
3089.0,1
3090.0,1
3091.0,2
3092.0,1
3094.0,1
3097.0,2
3099.0,1
3100.0,0
3101.0,2
3102.0,1
3105.0,1
3108.0,1
3109.0,1
3111.0,1
3114.0,0
3115.0,1
3116.0,0
3118.0,1
3119.0,2
3122.0,1
3123.0,0
3124.0,1
3125.0,1
3127.0,2
3128.0,0
3132.0,2
3137.0,0
3138.0,1
3139.0,1
3140.0,0
3141.0,1
3143.0,1
3145.0,2
3147.0,1
3151.0,2
3152.0,1
3153.0,1
3154.0,1
3158.0,1
3159.0,2
3160.0,0
3161.0,1
3164.0,1
3167.0,1
3168.0,2
3169.0,2
3170.0,0
3172.0,1
3174.0,2
3177.0,0
3178.0,1
3179.0,1
3180.0,0
3181.0,0
3183.0,0
3184.0,2
3188.0,1
3189.0,1
3190.0,1
3193.0,0
3196.0,0
3197.0,1
3199.0,0
3200.0,1
3201.0,1
3205.0,1
3206.0,1
3208.0,1
3210.0,2
3212.0,0
3215.0,1
3218.0,1
3219.0,1
3221.0,1
3223.0,0
3224.0,2
3226.0,1
3228.0,1
3229.0,2
3231.0,1
3232.0,2
3234.0,0
3235.0,0
3236.0,2
3237.0,0
3238.0,1
3239.0,2
3240.0,1
3241.0,2
3243.0,1
3244.0,2
3245.0,2
3246.0,1
3247.0,1
3248.0,1
3251.0,1
3252.0,1
3253.0,0
3255.0,1
3258.0,2
3259.0,1
3260.0,2
3262.0,1
3265.0,1
3269.0,1
3270.0,2
3271.0,1
3272.0,2
3273.0,1
3274.0,0
3278.0,1
3279.0,2
3280.0,1
3282.0,2
3285.0,1
3288.0,1
3289.0,2
3290.0,1
3291.0,0
3292.0,1
3293.0,2
3296.0,1
3298.0,1
3299.0,1
3300.0,1
3301.0,1
3302.0,2
3305.0,2
3306.0,1
3307.0,1
3310.0,2
3313.0,1
3314.0,2
3316.0,1
3317.0,1
3319.0,0
3324.0,2
3325.0,1
3328.0,1
3329.0,1
3330.0,1
3333.0,1
3335.0,1
3336.0,1
3337.0,0
3338.0,1
3340.0,2
3342.0,1
3344.0,2
3346.0,1
3347.0,1
3348.0,1
3349.0,1
3351.0,1
3354.0,1
3357.0,2
3361.0,1
3363.0,2
3364.0,2
3366.0,0
3367.0,2
3368.0,1
3369.0,1
3370.0,1
3371.0,2
3374.0,1
3376.0,0
3377.0,1
3378.0,2
3379.0,1
3381.0,1
3382.0,2
3386.0,2
3387.0,1
3388.0,1
3390.0,1
3391.0,1
3396.0,1
3397.0,0
3399.0,2
3402.0,1
3403.0,1
3404.0,2
3406.0,2
3408.0,1
3409.0,1
3411.0,2
3413.0,1
3415.0,0
3416.0,2
3417.0,1
3419.0,2
3420.0,1
3422.0,1
3424.0,2
3425.0,1
3428.0,1
3429.0,0
3430.0,1
3434.0,0
3435.0,0
3438.0,2
3439.0,0
3441.0,2
3444.0,1
3445.0,0
3446.0,2
3447.0,1
3451.0,0
3453.0,0
3454.0,1
3455.0,1
3457.0,2
3460.0,0
3461.0,1
3462.0,2
3464.0,2
3465.0,1
3466.0,1
3467.0,0
3469.0,2
3473.0,0
3474.0,0
3479.0,2
3481.0,0
3482.0,0
3483.0,1
3485.0,2
3486.0,2
3488.0,1
3489.0,0
3491.0,1
3492.0,2
3493.0,0
3494.0,1
3495.0,1
3496.0,2
3498.0,1
3499.0,0
3500.0,2
3502.0,2
3503.0,1
3504.0,1
3507.0,1
3508.0,2
3510.0,1
3511.0,1
3512.0,1
3514.0,1
3519.0,0
3520.0,2
3521.0,0
3523.0,0
3525.0,1
3526.0,1
3527.0,2
3528.0,1
3530.0,0
3532.0,1
3534.0,2
3538.0,0
3540.0,0
3541.0,1
3544.0,1
3548.0,1
3550.0,2
3551.0,0
3552.0,1
3553.0,2
3557.0,1
3561.0,1
3562.0,0
3564.0,1
3566.0,1
3568.0,1
3569.0,1
3570.0,1
3571.0,0
3572.0,1
3574.0,2
3575.0,1
3577.0,1
3578.0,1
3579.0,1
3580.0,1
3581.0,0
3582.0,0
3583.0,0
3584.0,0
3585.0,2
3588.0,1
3589.0,0
3590.0,2
3591.0,0
3593.0,1
3596.0,2
3598.0,1
3603.0,0
3607.0,1
3608.0,2
3610.0,2
3615.0,1
3616.0,0
3617.0,2
3621.0,1
3622.0,0
3623.0,0
3624.0,1
3625.0,1
3626.0,2
3627.0,0
3628.0,0
3629.0,1
3630.0,0
3632.0,1
3633.0,1
3634.0,1
3635.0,1
3636.0,1
3637.0,1
3639.0,1
3640.0,1
3641.0,1
3643.0,2
3644.0,1
3645.0,1
3646.0,1
3648.0,1
3649.0,1
3650.0,2
3651.0,1
3652.0,1
3653.0,2
3654.0,2
3655.0,0
3656.0,1
3657.0,1
3662.0,2
3663.0,0
3664.0,2
3669.0,0
3671.0,1
3672.0,1
3673.0,1
3676.0,1
3677.0,1
3680.0,1
3681.0,2
3683.0,1
3684.0,0
3685.0,0
3686.0,1
3687.0,1
3688.0,0
3689.0,2
3690.0,1
3691.0,2
3693.0,2
3694.0,1
3695.0,1
3697.0,1
3698.0,1
3699.0,1
3700.0,2
3702.0,1
3703.0,1
3708.0,1
3710.0,1
3718.0,1
3720.0,1
3721.0,2
3722.0,1
3723.0,1
3724.0,0
3726.0,1
3727.0,2
3728.0,1
3732.0,1
3733.0,1
3734.0,2
3735.0,1
3738.0,0
3740.0,0
3743.0,1
3744.0,1
3749.0,2
3750.0,2
3751.0,0
3752.0,0
3753.0,1
3754.0,1
3756.0,2
3758.0,1
3761.0,1
3763.0,1
3764.0,1
3765.0,2
3767.0,0
3774.0,0
3778.0,1
3780.0,1
3783.0,0
3784.0,0
3785.0,1
3786.0,2
3787.0,1
3788.0,1
3789.0,1
3790.0,2
3791.0,2
3792.0,1
3794.0,2
3799.0,1
3800.0,2
3802.0,1
3803.0,1
3804.0,1
3805.0,1
3807.0,2
3808.0,2
3809.0,1
3810.0,0
3811.0,0
3813.0,2
3815.0,2
3816.0,1
3818.0,1
3821.0,2
3822.0,1
3823.0,1
3826.0,2
3828.0,0
3829.0,1
3831.0,2
3833.0,1
3834.0,1
3835.0,0
3836.0,1
3837.0,2
3838.0,2
3839.0,0
3841.0,1
3842.0,1
3844.0,2
3846.0,1
3848.0,1
3850.0,0
3852.0,1
3854.0,2
3855.0,1
3856.0,1
3857.0,0
3863.0,2
3865.0,2
3866.0,1
3867.0,1
3869.0,2
3870.0,1
3871.0,1
3872.0,1
3873.0,2
3874.0,1
3875.0,0
3876.0,1
3877.0,1
3878.0,1
3879.0,2
3883.0,1
3884.0,0
3885.0,1
3886.0,1
3887.0,0
3891.0,2
3893.0,1
3894.0,0
3896.0,1
3898.0,1
3899.0,1
3900.0,2
3902.0,0
3903.0,1
3904.0,1
3906.0,1
3908.0,1
3909.0,0
3911.0,2
3912.0,1
3913.0,1
3917.0,1
3918.0,1
3919.0,1
3920.0,0
3921.0,2
3922.0,1
3923.0,1
3925.0,2
3926.0,2
3927.0,0
3928.0,2
3931.0,1
3932.0,1
3933.0,2
3934.0,2
3937.0,1
3940.0,1
3942.0,2
3944.0,1
3946.0,2
3947.0,1
3949.0,2
3950.0,0
3959.0,1
3960.0,2
3961.0,0
3962.0,1
3963.0,2
3966.0,2
3967.0,0
3968.0,1
3971.0,1
3973.0,1
3974.0,0
3975.0,1
3976.0,1
3977.0,1
3983.0,1
3984.0,0
3985.0,2
3987.0,2
3988.0,2
3990.0,0
3992.0,2
3994.0,1
3999.0,0
4000.0,1
4001.0,1
4002.0,0
4003.0,1
4004.0,1
4006.0,0
4007.0,2
4008.0,0
4009.0,1
4011.0,2
4013.0,1
4014.0,2
4015.0,1
4016.0,1
4022.0,2
4023.0,2
4025.0,1
4026.0,1
4027.0,0
4028.0,1
4031.0,1
4032.0,1
4034.0,1
4035.0,2
4037.0,0
4039.0,0
4040.0,2
4041.0,0
4045.0,1
4046.0,1
4047.0,0
4048.0,2
4049.0,1
4050.0,1
4051.0,0
4052.0,1
4053.0,0
4054.0,1
4057.0,1
4058.0,2
4059.0,0
4061.0,0
4065.0,0
4066.0,1
4067.0,1
4069.0,0
4074.0,1
4075.0,1
4076.0,1
4078.0,1
4079.0,2
4084.0,1
4087.0,2
4089.0,1
4091.0,1
4092.0,2
4093.0,1
4095.0,2
4096.0,1
4097.0,1
4098.0,0
0.0,1
1.0,1
4.0,0
9.0,1
11.0,1
12.0,1
15.0,1
16.0,2
20.0,1
31.0,1
35.0,1
36.0,1
37.0,1
44.0,0
45.0,1
53.0,1
54.0,1
55.0,1
56.0,1
58.0,1
60.0,1
66.0,1
69.0,1
73.0,1
75.0,1
77.0,1
79.0,1
82.0,1
83.0,1
85.0,1
86.0,1
87.0,1
89.0,1
90.0,1
92.0,1
93.0,2
95.0,1
96.0,1
99.0,1
101.0,1
102.0,1
103.0,2
104.0,1
105.0,0
106.0,1
107.0,1
108.0,1
112.0,0
113.0,1
115.0,1
116.0,1
118.0,1
120.0,0
122.0,1
123.0,1
124.0,1
125.0,1
126.0,0
129.0,0
131.0,1
135.0,0
150.0,0
153.0,1
155.0,1
158.0,1
160.0,1
161.0,1
162.0,1
164.0,1
167.0,0
169.0,2
170.0,1
171.0,1
172.0,1
175.0,1
179.0,1
180.0,1
182.0,1
186.0,1
187.0,1
188.0,1
189.0,1
193.0,1
195.0,1
196.0,1
197.0,1
198.0,1
199.0,2
200.0,1
201.0,1
204.0,1
206.0,1
209.0,1
210.0,1
211.0,1
213.0,1
215.0,2
216.0,1
220.0,2
221.0,1
223.0,0
224.0,1
228.0,1
229.0,1
230.0,1
235.0,1
241.0,2
242.0,1
243.0,1
245.0,1
246.0,1
247.0,1
248.0,1
249.0,1
250.0,0
252.0,1
254.0,1
255.0,1
256.0,1
260.0,1
264.0,1
266.0,1
269.0,1
273.0,1
275.0,1
276.0,1
277.0,0
283.0,1
284.0,1
285.0,0
288.0,1
290.0,2
295.0,1
296.0,1
297.0,1
299.0,1
308.0,2
309.0,1
310.0,0
313.0,1
321.0,2
322.0,1
326.0,1
327.0,1
330.0,0
332.0,1
334.0,1
336.0,1
340.0,1
341.0,1
342.0,1
344.0,0
345.0,2
346.0,1
347.0,1
348.0,1
352.0,1
353.0,0
361.0,1
365.0,1
367.0,1
370.0,1
371.0,1
373.0,1
374.0,1
376.0,1
381.0,1
382.0,1
384.0,1
385.0,1
389.0,1
390.0,0
391.0,2
394.0,1
398.0,1
400.0,0
403.0,1
404.0,1
405.0,1
407.0,0
408.0,1
409.0,2
412.0,1
414.0,1
417.0,1
419.0,1
420.0,1
421.0,1
423.0,0
425.0,2
427.0,1
428.0,1
430.0,2
433.0,0
436.0,1
441.0,1
442.0,1
444.0,1
448.0,1
449.0,1
450.0,1
452.0,0
453.0,1
458.0,1
460.0,0
465.0,1
468.0,1
471.0,1
472.0,1
474.0,1
475.0,1
477.0,1
478.0,1
479.0,1
480.0,1
483.0,1
484.0,1
487.0,0
490.0,0
491.0,1
493.0,1
494.0,1
495.0,2
497.0,2
500.0,1
502.0,1
507.0,1
508.0,1
509.0,1
517.0,0
519.0,1
521.0,1
522.0,1
526.0,1
531.0,1
533.0,2
535.0,2
537.0,1
538.0,1
539.0,1
540.0,1
543.0,1
544.0,2
545.0,1
546.0,1
547.0,1
549.0,1
550.0,1
554.0,1
555.0,1
559.0,1
560.0,1
561.0,1
564.0,1
565.0,1
567.0,0
568.0,1
569.0,1
571.0,1
572.0,1
575.0,1
578.0,1
580.0,1
583.0,1
586.0,1
591.0,1
592.0,1
593.0,1
594.0,1
596.0,1
598.0,1
599.0,1
601.0,1
603.0,1
615.0,1
616.0,1
617.0,1
620.0,1
623.0,1
624.0,1
629.0,1
630.0,2
632.0,1
636.0,1
637.0,1
640.0,1
641.0,0
645.0,1
646.0,1
648.0,1
649.0,1
650.0,1
652.0,1
654.0,1
655.0,1
658.0,1
661.0,1
663.0,1
664.0,1
666.0,1
671.0,1
673.0,1
674.0,1
675.0,0
676.0,0
678.0,1
681.0,1
683.0,1
684.0,1
686.0,1
687.0,1
688.0,2
692.0,1
695.0,1
696.0,1
699.0,0
700.0,1
706.0,1
710.0,1
711.0,1
712.0,1
715.0,1
716.0,0
718.0,1
722.0,1
723.0,1
724.0,1
730.0,1
732.0,1
734.0,1
741.0,1
742.0,1
746.0,2
747.0,1
748.0,0
750.0,1
751.0,0
752.0,1
753.0,1
756.0,1
757.0,0
762.0,1
764.0,1
766.0,1
767.0,1
768.0,1
769.0,1
770.0,1
771.0,1
773.0,1
775.0,1
778.0,1
781.0,1
782.0,0
788.0,1
789.0,1
791.0,1
799.0,1
802.0,0
806.0,1
808.0,1
810.0,1
812.0,1
813.0,1
814.0,0
815.0,0
816.0,1
817.0,1
818.0,1
819.0,1
822.0,1
824.0,1
825.0,1
828.0,1
829.0,0
831.0,1
833.0,1
835.0,1
840.0,1
841.0,1
842.0,1
844.0,1
847.0,1
848.0,1
854.0,1
858.0,1
860.0,1
862.0,2
865.0,1
866.0,1
868.0,1
871.0,1
876.0,1
878.0,1
880.0,1
881.0,1
883.0,1
888.0,1
889.0,1
890.0,1
892.0,1
893.0,1
894.0,0
895.0,1
896.0,1
897.0,1
898.0,2
899.0,1
900.0,1
901.0,1
902.0,1
903.0,1
904.0,1
906.0,1
911.0,0
916.0,1
917.0,1
918.0,1
924.0,1
926.0,1
927.0,1
930.0,1
933.0,1
935.0,1
942.0,1
943.0,1
944.0,2
946.0,1
947.0,1
948.0,1
949.0,0
950.0,0
952.0,1
953.0,1
955.0,1
957.0,2
958.0,1
959.0,1
965.0,1
971.0,1
972.0,1
974.0,1
975.0,1
977.0,1
978.0,1
980.0,1
983.0,1
984.0,1
985.0,1
986.0,1
987.0,1
988.0,1
991.0,1
992.0,1
995.0,2
997.0,1
998.0,0
1002.0,0
1003.0,2
1006.0,1
1007.0,1
1011.0,1
1012.0,1
1013.0,1
1016.0,2
1022.0,0
1024.0,1
1028.0,1
1030.0,1
1032.0,1
1035.0,1
1037.0,1
1038.0,1
1039.0,1
1040.0,1
1042.0,1
1045.0,1
1051.0,0
1052.0,1
1055.0,1
1058.0,1
1060.0,1
1064.0,1
1065.0,1
1071.0,1
1072.0,0
1073.0,2
1074.0,1
1076.0,1
1077.0,1
1085.0,1
1086.0,1
1087.0,1
1088.0,1
1091.0,1
1096.0,1
1097.0,1
1098.0,1
1099.0,1
1102.0,0
1106.0,0
1108.0,1
1109.0,1
1111.0,1
1115.0,0
1116.0,0
1118.0,1
1124.0,1
1125.0,1
1127.0,1
1128.0,1
1129.0,2
1130.0,1
1131.0,1
1132.0,1
1135.0,1
1136.0,1
1137.0,1
1139.0,1
1140.0,1
1141.0,1
1142.0,1
1143.0,1
1146.0,1
1148.0,1
1149.0,1
1150.0,1
1153.0,1
1155.0,0
1158.0,1
1161.0,1
1163.0,1
1169.0,1
1170.0,1
1171.0,1
1173.0,1
1174.0,1
1175.0,1
1177.0,2
1181.0,1
1183.0,1
1187.0,1
1188.0,1
1190.0,1
1193.0,1
1196.0,1
1197.0,1
1198.0,1
1200.0,1
1203.0,1
1204.0,0
1207.0,1
1208.0,0
1209.0,0
1211.0,1
1213.0,1
1215.0,1
1217.0,1
1220.0,2
1223.0,1
1225.0,2
1226.0,2
1228.0,0
1229.0,2
1233.0,1
1238.0,1
1239.0,1
1247.0,1
1249.0,2
1250.0,1
1251.0,1
1254.0,1
1258.0,1
1260.0,1
1264.0,1
1265.0,1
1267.0,1
1269.0,1
1271.0,1
1272.0,1
1277.0,1
1278.0,1
1279.0,1
1280.0,1
1282.0,1
1285.0,2
1287.0,1
1288.0,1
1289.0,1
1292.0,1
1293.0,1
1295.0,1
1298.0,1
1299.0,1
1300.0,1
1305.0,1
1308.0,1
1309.0,2
1310.0,1
1312.0,1
1315.0,1
1316.0,1
1317.0,1
1318.0,1
1321.0,1
1323.0,1
1327.0,1
1328.0,1
1329.0,1
1330.0,1
1331.0,1
1332.0,1
1334.0,1
1336.0,1
1337.0,1
1339.0,1
1341.0,1
1342.0,1
1348.0,1
1350.0,1
1351.0,1
1359.0,1
1363.0,1
1364.0,1
1365.0,1
1366.0,0
1367.0,1
1368.0,1
1371.0,1
1374.0,1
1379.0,1
1381.0,1
1384.0,1
1388.0,1
1389.0,1
1391.0,1
1392.0,1
1393.0,1
1398.0,2
1403.0,1
1404.0,1
1406.0,2
1407.0,1
1409.0,1
1410.0,1
1411.0,1
1415.0,1
1418.0,1
1419.0,1
1420.0,1
1425.0,1
1426.0,2
1428.0,1
1431.0,1
1432.0,1
1436.0,1
1438.0,1
1440.0,2
1441.0,1
1444.0,1
1451.0,1
1455.0,1
1456.0,1
1457.0,1
1458.0,1
1465.0,1
1466.0,2
1472.0,1
1473.0,1
1476.0,1
1480.0,1
1481.0,0
1482.0,1
1484.0,1
1485.0,1
1489.0,1
1490.0,2
1495.0,1
1504.0,1
1508.0,2
1510.0,1
1511.0,2
1514.0,1
1515.0,1
1516.0,0
1517.0,1
1518.0,1
1519.0,2
1521.0,1
1522.0,1
1523.0,1
1524.0,1
1525.0,1
1526.0,1
1527.0,1
1531.0,1
1534.0,0
1537.0,1
1544.0,1
1549.0,1
1552.0,1
1553.0,1
1555.0,1
1556.0,1
1557.0,1
1559.0,1
1560.0,1
1563.0,1
1564.0,1
1565.0,1
1566.0,1
1569.0,1
1570.0,0
1571.0,1
1572.0,1
1573.0,1
1574.0,1
1575.0,1
1576.0,1
1581.0,1
1583.0,1
1586.0,1
1587.0,1
1589.0,1
1596.0,1
1598.0,1
1601.0,0
1602.0,1
1603.0,2
1606.0,1
1608.0,1
1609.0,1
1613.0,1
1615.0,1
1625.0,1
1628.0,1
1629.0,1
1632.0,1
1639.0,1
1640.0,1
1641.0,1
1657.0,1
1658.0,1
1662.0,1
1663.0,1
1664.0,1
1667.0,1
1670.0,0
1671.0,1
1672.0,1
1674.0,2
1676.0,1
1677.0,1
1680.0,1
1682.0,1
1683.0,0
1685.0,1
1686.0,1
1687.0,1
1689.0,1
1691.0,1
1695.0,1
1696.0,1
1698.0,1
1700.0,1
1703.0,1
1705.0,1
1706.0,1
1708.0,1
1713.0,1
1718.0,1
1719.0,1
1720.0,1
1721.0,0
1724.0,1
1727.0,1
1730.0,1
1731.0,1
1738.0,1
1739.0,1
1740.0,1
1742.0,0
1744.0,1
1748.0,1
1752.0,1
1754.0,1
1755.0,2
1759.0,2
1765.0,1
1766.0,1
1768.0,1
1769.0,0
1770.0,1
1771.0,1
1779.0,0
1781.0,0
1782.0,1
1785.0,1
1786.0,1
1787.0,1
1788.0,1
1789.0,1
1790.0,1
1794.0,1
1795.0,1
1797.0,1
1800.0,1
1801.0,1
1802.0,1
1804.0,1
1808.0,1
1812.0,1
1815.0,1
1817.0,1
1818.0,1
1819.0,1
1823.0,1
1829.0,1
1832.0,1
1835.0,1
1837.0,1
1838.0,1
1840.0,1
1841.0,1
1843.0,0
1844.0,1
1846.0,1
1849.0,1
1852.0,1
1853.0,1
1855.0,1
1856.0,1
1858.0,1
1861.0,1
1862.0,1
1869.0,1
1870.0,1
1871.0,1
1875.0,0
1877.0,0
1878.0,1
1881.0,0
1886.0,1
1887.0,1
1889.0,1
1890.0,1
1892.0,1
1893.0,1
1895.0,2
1897.0,1
1900.0,1
1901.0,1
1902.0,1
1904.0,1
1906.0,1
1907.0,1
1908.0,1
1911.0,1
1912.0,1
1913.0,1
1914.0,1
1917.0,1
1919.0,1
1922.0,1
1923.0,1
1924.0,1
1932.0,1
1937.0,1
1942.0,1
1943.0,1
1945.0,1
1946.0,1
1949.0,1
1950.0,1
1951.0,1
1956.0,1
1957.0,0
1958.0,1
1959.0,1
1960.0,1
1961.0,1
1967.0,1
1968.0,1
1970.0,1
1971.0,1
1972.0,1
1973.0,1
1975.0,1
1979.0,1
1981.0,2
1982.0,1
1983.0,1
1985.0,0
1987.0,1
1989.0,1
1991.0,1
1993.0,1
1995.0,1
1996.0,1
2004.0,1
2006.0,1
2007.0,0
2010.0,1
2014.0,1
2021.0,1
2024.0,1
2027.0,1
2028.0,1
2035.0,0
2036.0,1
2046.0,1
2048.0,1
2051.0,1
2053.0,1
2059.0,1
2062.0,1
2064.0,1
2065.0,1
2066.0,1
2067.0,1
2071.0,1
2072.0,1
2074.0,1
2077.0,1
2080.0,1
2082.0,1
2083.0,1
2084.0,1
2086.0,1
2087.0,0
2092.0,1
2094.0,1
2098.0,1
2099.0,1
2100.0,1
2101.0,1
2105.0,1
2106.0,1
2109.0,1
2110.0,1
2111.0,1
2112.0,1
2116.0,1
2119.0,1
2125.0,1
2126.0,1
2127.0,1
2128.0,1
2129.0,1
2130.0,1
2132.0,1
2136.0,1
2137.0,1
2138.0,1
2141.0,1
2142.0,1
2145.0,0
2152.0,1
2154.0,1
2155.0,1
2165.0,1
2167.0,1
2168.0,0
2170.0,0
2171.0,1
2172.0,1
2175.0,1
2176.0,0
2178.0,2
2180.0,1
2181.0,1
2182.0,1
2188.0,2
2189.0,1
2190.0,1
2191.0,1
2193.0,1
2195.0,1
2196.0,1
2198.0,1
2201.0,1
2205.0,1
2207.0,1
2208.0,1
2211.0,1
2212.0,1
2217.0,1
2218.0,1
2219.0,2
2220.0,2
2222.0,1
2223.0,2
2225.0,1
2228.0,1
2229.0,0
2232.0,1
2234.0,1
2235.0,1
2236.0,1
2238.0,2
2240.0,2
2243.0,1
2245.0,1
2246.0,1
2251.0,1
2253.0,1
2256.0,1
2258.0,1
2264.0,1
2265.0,2
2266.0,1
2268.0,1
2269.0,1
2271.0,1
2273.0,1
2277.0,1
2279.0,1
2281.0,1
2284.0,2
2294.0,1
2295.0,1
2301.0,1
2303.0,1
2304.0,1
2308.0,1
2310.0,1
2314.0,1
2315.0,1
2316.0,1
2324.0,1
2327.0,1
2330.0,2
2331.0,1
2332.0,1
2333.0,1
2334.0,1
2335.0,2
2337.0,1
2338.0,1
2342.0,1
2343.0,1
2344.0,2
2346.0,1
2347.0,1
2348.0,1
2349.0,1
2350.0,1
2351.0,1
2355.0,0
2357.0,2
2359.0,1
2360.0,1
2362.0,1
2364.0,1
2367.0,1
2370.0,1
2371.0,1
2375.0,1
2381.0,1
2382.0,1
2383.0,1
2386.0,1
2387.0,1
2388.0,1
2391.0,1
2392.0,1
2394.0,1
2397.0,1
2400.0,1
2401.0,1
2406.0,1
2411.0,1
2413.0,1
2414.0,1
2416.0,0
2417.0,1
2419.0,0
2421.0,1
2422.0,1
2427.0,0
2428.0,1
2430.0,1
2431.0,1
2432.0,1
2434.0,2
2437.0,1
2438.0,1
2439.0,1
2440.0,1
2441.0,0
2442.0,1
2444.0,1
2448.0,1
2451.0,1
2453.0,1
2461.0,1
2462.0,0
2464.0,1
2465.0,1
2467.0,1
2470.0,0
2471.0,1
2474.0,1
2475.0,1
2476.0,1
2478.0,1
2482.0,1
2483.0,1
2489.0,1
2492.0,1
2494.0,1
2497.0,1
2498.0,1
2504.0,0
2505.0,1
2507.0,1
2509.0,1
2510.0,1
2515.0,1
2516.0,1
2524.0,1
2528.0,0
2531.0,1
2535.0,1
2536.0,1
2538.0,1
2539.0,1
2540.0,1
2542.0,1
2543.0,2
2547.0,1
2551.0,1
2552.0,1
2553.0,1
2555.0,1
2556.0,0
2561.0,1
2564.0,1
2566.0,1
2570.0,0
2571.0,1
2573.0,1
2574.0,1
2575.0,1
2577.0,1
2579.0,1
2582.0,1
2586.0,1
2588.0,1
2590.0,0
2593.0,1
2594.0,0
2595.0,1
2597.0,1
2598.0,1
2600.0,1
2602.0,1
2603.0,1
2605.0,1
2606.0,1
2611.0,1
2612.0,1
2615.0,1
2616.0,1
2622.0,1
2623.0,0
2624.0,1
2628.0,1
2631.0,0
2634.0,1
2636.0,1
2637.0,1
2638.0,1
2641.0,1
2643.0,1
2645.0,0
2648.0,1
2649.0,1
2650.0,1
2651.0,1
2653.0,1
2656.0,1
2663.0,1
2667.0,1
2670.0,2
2673.0,1
2674.0,1
2680.0,0
2681.0,1
2684.0,1
2689.0,1
2693.0,1
2697.0,1
2700.0,1
2702.0,1
2707.0,1
2712.0,1
2713.0,1
2714.0,1
2716.0,1
2719.0,1
2721.0,1
2722.0,2
2723.0,1
2724.0,1
2725.0,2
2726.0,0
2727.0,1
2728.0,1
2730.0,1
2732.0,1
2733.0,1
2736.0,1
2739.0,1
2748.0,1
2749.0,1
2750.0,1
2755.0,1
2757.0,1
2762.0,1
2764.0,1
2767.0,0
2769.0,1
2775.0,1
2779.0,1
2781.0,1
2782.0,1
2784.0,1
2786.0,1
2787.0,1
2788.0,1
2790.0,0
2791.0,0
2792.0,1
2793.0,1
2795.0,1
2798.0,1
2799.0,1
2804.0,1
2808.0,1
2812.0,1
2820.0,0
2821.0,1
2822.0,1
2824.0,1
2826.0,1
2828.0,0
2830.0,1
2832.0,1
2834.0,1
2838.0,1
2839.0,1
2840.0,1
2848.0,1
2849.0,2
2850.0,1
2851.0,1
2852.0,1
2855.0,1
2856.0,0
2857.0,1
2860.0,1
2863.0,1
2864.0,0
2874.0,1
2875.0,1
2876.0,1
2877.0,1
2878.0,1
2884.0,1
2885.0,2
2888.0,1
2890.0,0
2891.0,1
2893.0,0
2895.0,1
2897.0,1
2899.0,1
2901.0,1
2903.0,1
2907.0,1
2911.0,0
2912.0,1
2915.0,1
2922.0,1
2923.0,1
2924.0,1
2925.0,1
2928.0,1
2929.0,1
2930.0,1
2932.0,1
2933.0,1
2934.0,1
2935.0,1
2936.0,1
2942.0,1
2943.0,1
2945.0,1
2947.0,1
2948.0,1
2950.0,1
2953.0,1
2955.0,1
2956.0,0
2957.0,1
2961.0,2
2962.0,1
2965.0,1
2970.0,1
2971.0,1
2973.0,1
2975.0,1
2976.0,1
2977.0,1
2979.0,1
2981.0,1
2982.0,0
2983.0,1
2986.0,1
2990.0,1
2991.0,1
2994.0,1
2997.0,1
2998.0,1
3000.0,1
3001.0,1
3003.0,2
3005.0,1
3011.0,1
3013.0,1
3015.0,1
3016.0,0
3018.0,1
3021.0,1
3029.0,0
3033.0,1
3034.0,2
3035.0,1
3051.0,0
3053.0,1
3054.0,2
3056.0,1
3059.0,1
3060.0,1
3061.0,1
3063.0,1
3064.0,1
3066.0,1
3075.0,1
3080.0,0
3082.0,1
3088.0,1
3093.0,1
3095.0,1
3096.0,1
3098.0,1
3103.0,1
3104.0,1
3106.0,1
3107.0,1
3110.0,1
3112.0,1
3113.0,1
3117.0,1
3120.0,1
3121.0,1
3126.0,1
3129.0,1
3130.0,1
3131.0,1
3133.0,1
3134.0,1
3135.0,1
3136.0,1
3142.0,1
3144.0,1
3146.0,1
3148.0,1
3149.0,1
3150.0,1
3155.0,1
3156.0,1
3157.0,2
3162.0,1
3163.0,1
3165.0,1
3166.0,0
3171.0,2
3173.0,1
3175.0,1
3176.0,1
3182.0,1
3185.0,0
3186.0,1
3187.0,1
3191.0,1
3192.0,0
3194.0,1
3195.0,1
3198.0,1
3202.0,0
3203.0,1
3204.0,2
3207.0,1
3209.0,1
3211.0,1
3213.0,1
3214.0,0
3216.0,2
3217.0,1
3220.0,1
3222.0,1
3225.0,1
3227.0,1
3230.0,1
3233.0,1
3242.0,1
3249.0,1
3250.0,1
3254.0,1
3256.0,1
3257.0,1
3261.0,0
3263.0,1
3264.0,1
3266.0,1
3267.0,1
3268.0,0
3275.0,1
3276.0,1
3277.0,1
3281.0,2
3283.0,1
3284.0,1
3286.0,1
3287.0,1
3294.0,1
3295.0,1
3297.0,1
3303.0,1
3304.0,1
3308.0,1
3309.0,1
3311.0,1
3312.0,1
3315.0,1
3318.0,1
3320.0,1
3321.0,1
3322.0,1
3323.0,1
3326.0,1
3327.0,1
3331.0,1
3332.0,1
3334.0,1
3339.0,2
3341.0,1
3343.0,1
3345.0,1
3350.0,1
3352.0,1
3353.0,1
3355.0,1
3356.0,1
3358.0,1
3359.0,1
3360.0,1
3362.0,1
3365.0,1
3372.0,2
3373.0,1
3375.0,1
3380.0,1
3383.0,0
3384.0,1
3385.0,1
3389.0,1
3392.0,1
3393.0,1
3394.0,2
3395.0,0
3398.0,0
3400.0,1
3401.0,1
3405.0,1
3407.0,1
3410.0,1
3412.0,2
3414.0,1
3418.0,1
3421.0,2
3423.0,1
3426.0,1
3427.0,1
3431.0,1
3432.0,1
3433.0,1
3436.0,1
3437.0,1
3440.0,1
3442.0,1
3443.0,1
3448.0,2
3449.0,0
3450.0,0
3452.0,1
3456.0,1
3458.0,1
3459.0,1
3463.0,1
3468.0,1
3470.0,1
3471.0,1
3472.0,1
3475.0,1
3476.0,1
3477.0,1
3478.0,1
3480.0,1
3484.0,1
3487.0,1
3490.0,1
3497.0,1
3501.0,1
3505.0,1
3506.0,1
3509.0,1
3513.0,1
3515.0,1
3516.0,1
3517.0,1
3518.0,1
3522.0,1
3524.0,0
3529.0,1
3531.0,1
3533.0,1
3535.0,1
3536.0,1
3537.0,1
3539.0,1
3542.0,1
3543.0,1
3545.0,0
3546.0,1
3547.0,1
3549.0,1
3554.0,1
3555.0,1
3556.0,1
3558.0,1
3559.0,1
3560.0,1
3563.0,0
3565.0,1
3567.0,1
3573.0,1
3576.0,0
3586.0,1
3587.0,1
3592.0,1
3594.0,1
3595.0,1
3597.0,1
3599.0,1
3600.0,2
3601.0,1
3602.0,1
3604.0,1
3605.0,1
3606.0,1
3609.0,1
3611.0,1
3612.0,1
3613.0,1
3614.0,1
3618.0,1
3619.0,1
3620.0,1
3631.0,1
3638.0,1
3642.0,1
3647.0,1
3658.0,0
3659.0,1
3660.0,1
3661.0,1
3665.0,1
3666.0,1
3667.0,1
3668.0,1
3670.0,2
3674.0,1
3675.0,1
3678.0,1
3679.0,1
3682.0,1
3692.0,1
3696.0,1
3701.0,1
3704.0,1
3705.0,0
3706.0,1
3707.0,1
3709.0,1
3711.0,1
3712.0,0
3713.0,1
3714.0,1
3715.0,1
3716.0,1
3717.0,1
3719.0,0
3725.0,1
3729.0,1
3730.0,1
3731.0,1
3736.0,1
3737.0,1
3739.0,1
3741.0,1
3742.0,1
3745.0,2
3746.0,1
3747.0,1
3748.0,1
3755.0,1
3757.0,1
3759.0,0
3760.0,1
3762.0,0
3766.0,1
3768.0,0
3769.0,0
3770.0,1
3771.0,0
3772.0,0
3773.0,0
3775.0,1
3776.0,1
3777.0,1
3779.0,1
3781.0,1
3782.0,1
3793.0,1
3795.0,2
3796.0,1
3797.0,1
3798.0,1
3801.0,1
3806.0,1
3812.0,1
3814.0,1
3817.0,1
3819.0,1
3820.0,2
3824.0,1
3825.0,1
3827.0,1
3830.0,1
3832.0,1
3840.0,1
3843.0,2
3845.0,1
3847.0,1
3849.0,0
3851.0,1
3853.0,1
3858.0,1
3859.0,1
3860.0,2
3861.0,1
3862.0,1
3864.0,1
3868.0,1
3880.0,1
3881.0,0
3882.0,2
3888.0,1
3889.0,1
3890.0,1
3892.0,1
3895.0,1
3897.0,1
3901.0,1
3905.0,1
3907.0,1
3910.0,2
3914.0,1
3915.0,1
3916.0,1
3924.0,1
3929.0,1
3930.0,1
3935.0,1
3936.0,1
3938.0,1
3939.0,0
3941.0,1
3943.0,1
3945.0,1
3948.0,1
3951.0,1
3952.0,1
3953.0,1
3954.0,1
3955.0,1
3956.0,1
3957.0,1
3958.0,1
3964.0,1
3965.0,1
3969.0,1
3970.0,0
3972.0,1
3978.0,1
3979.0,0
3980.0,1
3981.0,1
3982.0,1
3986.0,1
3989.0,1
3991.0,1
3993.0,2
3995.0,1
3996.0,1
3997.0,1
3998.0,1
4005.0,0
4010.0,1
4012.0,1
4017.0,1
4018.0,1
4019.0,1
4020.0,1
4021.0,1
4024.0,1
4029.0,1
4030.0,1
4033.0,0
4036.0,1
4038.0,1
4042.0,1
4043.0,0
4044.0,1
4055.0,1
4056.0,1
4060.0,1
4062.0,1
4063.0,1
4064.0,1
4068.0,1
4070.0,1
4071.0,1
4072.0,1
4073.0,1
4077.0,1
4080.0,1
4081.0,1
4082.0,1
4083.0,1
4085.0,1
4086.0,1
4088.0,1
4090.0,1
4094.0,1
4099.0,1
